{"preferences":{"useBlockie":false,"useNonceField":false,"usePhishDetect":true,"dismissSeedBackUpReminder":false,"disabledRpcMethodPreferences":{"eth_sign":false},"useMultiAccountBalanceChecker":true,"hasDismissedOpenSeaToBlockaidBanner":false,"useSafeChainsListValidation":true,"useTokenDetection":true,"useNftDetection":false,"use4ByteResolution":true,"useCurrencyRateCheck":true,"useRequestQueue":false,"openSeaEnabled":false,"securityAlertsEnabled":true,"addSnapAccountEnabled":false,"advancedGasFee":{},"featureFlags":{},"incomingTransactionsPreferences":{"0x1":true,"0x5":true,"0xaa36a7":true,"0xe704":true,"0xe705":true,"0xe708":true},"knownMethodData":{"0x6057361d":{"name":"Store","params":[{"type":"uint256"}]},"0x60806040":{"name":"At Inversebrah","params":[{"type":"bytes28"},{"type":"int56"}]},"0x6f760f41":{"name":"Add Person","params":[{"type":"string"},{"type":"uint256"}]}},"currentLocale":"en","forgottenPassword":false,"preferences":{"featureNotificationsEnabled":false,"hideZeroBalanceTokens":false,"petnamesEnabled":true,"redesignedConfirmationsEnabled":false,"showExtensionInFullSizeView":false,"showFiatInTestnets":false,"showTestNetworks":true,"smartTransactionsOptInStatus":true,"useNativeCurrencyAsPrimaryCurrency":true},"ipfsGateway":"dweb.link","isIpfsGatewayEnabled":true,"useAddressBarEnsResolution":true,"ledgerTransportType":"webhid","snapRegistryList":{},"theme":"os","snapsAddSnapAccountModalDismissed":false,"useExternalNameSources":true,"useTransactionSimulations":true,"enableMV3TimestampSave":true,"useExternalServices":true},"internalAccounts":{"internalAccounts":{"accounts":{"e4a2c1e2-cd14-4cc9-a15d-618d6857d96b":{"id":"e4a2c1e2-cd14-4cc9-a15d-618d6857d96b","address":"0x88016f17435455d02fd5d7db9ea20181949190ea","options":{},"methods":["personal_sign","eth_sign","eth_signTransaction","eth_signTypedData_v1","eth_signTypedData_v3","eth_signTypedData_v4"],"type":"eip155:eoa","metadata":{"name":"Voidy","keyring":{"type":"HD Key Tree"},"lastSelected":1727341040674}},"7edfe83b-2f09-4e98-ae69-84d05ca71c00":{"id":"7edfe83b-2f09-4e98-ae69-84d05ca71c00","address":"0x2c553e4d1e31782eb83a343a68f5bf74c927c84a","options":{},"methods":["personal_sign","eth_sign","eth_signTransaction","eth_signTypedData_v1","eth_signTypedData_v3","eth_signTypedData_v4"],"type":"eip155:eoa","metadata":{"name":"Identity","keyring":{"type":"HD Key Tree"},"lastSelected":1723626964571}},"1ac40e28-0dff-4c33-872e-5077eedeaa52":{"id":"1ac40e28-0dff-4c33-872e-5077eedeaa52","address":"0xccb0da20c58f9805cfc5c83c32de1af302510a8c","options":{},"methods":["personal_sign","eth_sign","eth_signTransaction","eth_signTypedData_v1","eth_signTypedData_v3","eth_signTypedData_v4"],"type":"eip155:eoa","metadata":{"name":"Account 3","keyring":{"type":"Simple Key Pair"},"lastSelected":1724310450375}}},"selectedAccount":"e4a2c1e2-cd14-4cc9-a15d-618d6857d96b"}},"addressBook":{"addressBook":{"*":{"0x2c553E4d1E31782eB83a343A68f5bf74C927C84A":{"address":"0x2c553E4d1E31782eB83a343A68f5bf74C927C84A","chainId":"*","isEns":false,"memo":"","name":"Identity"},"0x88016F17435455d02FD5d7Db9ea20181949190ea":{"address":"0x88016F17435455d02FD5d7Db9ea20181949190ea","chainId":"*","isEns":false,"memo":"","name":"Voidy"},"0xCcB0dA20c58F9805cFC5c83C32De1af302510a8C":{"address":"0xCcB0dA20c58F9805cFC5c83C32De1af302510a8C","chainId":"*","isEns":false,"memo":"","name":"Account 3"}}}},"network":{"networkConfigurations":{"4d6e1192-9ac7-4490-8202-3f212ebf593d":{"chainId":"0x539","id":"4d6e1192-9ac7-4490-8202-3f212ebf593d","nickname":"Ganache","rpcPrefs":{},"rpcUrl":"HTTP://127.0.0.1:7545","ticker":"ETH"},"8b40f693-43ce-475e-8e2a-8d6d452791c6":{"chainId":"0x5aff","id":"8b40f693-43ce-475e-8e2a-8d6d452791c6","nickname":"Oasis Sapphire Testnet","rpcPrefs":{"blockExplorerUrl":null},"rpcUrl":"https://testnet.sapphire.oasis.dev","ticker":"TEST"},"eb2ee322-3b4b-4a6c-ba5c-7e91f23da82c":{"chainId":"0xa515","id":"eb2ee322-3b4b-4a6c-ba5c-7e91f23da82c","nickname":"Oasis Emerald Testnet","rpcPrefs":{"blockExplorerUrl":"https://testnet.explorer.emerald.oasis.dev"},"rpcUrl":"https://testnet.emerald.oasis.dev ","ticker":"ROSE"}}}}